Date,Open,Close
2024-03-01,3.8981114122316756,3.8714730739593506
2024-03-04,3.8625934308432885,3.8181960582733154
2024-03-05,3.809316617114631,3.8359553813934326
2024-03-06,3.8270753634238055,3.8181960582733154
2024-03-07,3.8093163297140635,3.8181960582733154
2024-03-08,3.8004370914065957,3.809316396713257
2024-03-11,3.8181960582733154,3.8181960582733154
2024-03-12,3.818196175990551,3.827075481414795
2024-03-13,3.863437178565694,3.8361656665802
2024-03-14,3.8361659179219085,3.8452565670013428
2024-03-15,3.8452565322798913,3.8816182613372803
2024-03-18,3.8816182440574902,3.899799108505249
2024-03-19,3.899798899925957,3.8907086849212646
2024-03-20,3.8997988890427178,3.854346513748169
2024-03-21,3.863437178565694,3.8361656665802
2024-03-22,3.8361656503235446,3.854346513748169
2024-03-25,3.854346513748169,3.854346513748169
2024-03-26,3.854346289415951,3.8634369373321533
2024-03-27,3.8725276160063378,3.827075242996216
2024-03-29,3.827075451562354,3.8361656665802
2024-04-01,3.8361656503235446,3.854346513748169
2024-04-02,3.8452565670013428,3.8452565670013428
2024-04-03,3.845256364889668,3.781623125076294
2024-04-04,3.781622869986094,3.827075242996216
2024-04-05,3.827075484464213,3.7998039722442627
2024-04-08,3.8088951110839844,3.8088951110839844
2024-04-09,3.8088951110839844,3.8088951110839844
2024-04-12,3.8088946208062398,3.7998039722442627
2024-04-15,3.790713807218647,3.7452614307403564
2024-04-16,3.745261447552117,3.7270805835723877
2024-04-17,3.736171448268086,3.7725331783294678
2024-04-18,3.7725326875554837,3.763442039489746
2024-04-19,3.7725331783294678,3.7725331783294678
2024-04-22,3.7725328771965976,3.8179848194122314
2024-04-23,3.808894380485358,3.827075242996216
2024-04-24,3.836165427049496,3.8634369373321533
2024-04-25,3.8725280807736384,3.8452565670013428
2024-04-26,3.8361654575186677,3.827075242996216
2024-04-29,3.827075484464213,3.7998039722442627
2024-04-30,3.7998040224347127,3.7452614307403564
2024-05-02,3.745261447552117,3.7270805835723877
2024-05-03,3.7361712155242905,3.7452614307403564
2024-05-06,3.7452613650944335,3.8179848194122314
2024-05-07,3.8361654575186677,3.827075242996216
2024-05-08,3.8179848194122314,3.8179848194122314
2024-05-09,3.8179846259143475,3.7907135486602783
2024-05-10,3.7998039722442627,3.7998039722442627
2024-05-13,3.8088946208062398,3.7998039722442627
2024-05-14,3.7998037632563157,3.7907135486602783
2024-05-15,3.7907140433601585,3.7725331783294678
2024-05-16,3.7725333790875863,3.8088951110839844
2024-05-17,3.8088951110839844,3.8088951110839844
2024-05-20,3.8088951110839844,3.8088951110839844
2024-05-21,3.8088951110839844,3.8088951110839844
2024-05-23,3.8179848194122314,3.8179848194122314
2024-05-24,3.8179846259143475,3.7907135486602783
2024-05-27,3.7907135799404537,3.754351854324341
2024-05-28,3.7543520794224094,3.7452614307403564
2024-05-29,3.745261464528698,3.708899736404419
2024-05-30,3.708899736404419,3.708899736404419
2024-05-31,3.7179903683155175,3.7270805835723877
2024-06-04,3.7452616640504246,3.7725331783294678
2024-06-05,3.7725327171323975,3.754351854324341
2024-06-06,3.754351854324341,3.754351854324341
2024-06-07,3.7634423249084814,3.736171245574951
2024-06-10,3.745261460864131,3.736171245574951
2024-06-11,3.7634423285908376,3.708899736404419
2024-06-12,3.708899753381812,3.69071888923645
2024-06-13,3.6998095211063444,3.708899736404419
2024-06-14,3.708899736404419,3.708899736404419
2024-06-18,3.708899753381812,3.69071888923645
2024-06-19,3.69071890629789,3.6725380420684814
2024-06-20,3.6725378333495855,3.663447618484497
2024-06-21,3.6725380765325895,3.636176347732544
2024-06-24,3.617995243761143,3.663447618484497
2024-06-25,3.6634478610655776,3.636176347732544
2024-06-26,3.6361763607695035,3.6452670097351074
2024-06-27,3.645266996665555,3.636176347732544
2024-06-28,3.6361763305862214,3.6543571949005127
2024-07-01,3.654356970153438,3.663447618484497
2024-07-02,3.6634478266867747,3.6725380420684814
2024-07-03,3.6725380551908615,3.681628704071045
2024-07-04,3.690718919485232,3.681628704071045
2024-07-05,3.6816286909161833,3.6725380420684814
2024-07-09,3.745261460864131,3.736171245574951
2024-07-10,3.736170962224449,3.763442039489746
2024-07-11,3.763442294638475,3.7452614307403564
2024-07-12,3.745261460864131,3.736171245574951
2024-07-15,3.736170991516284,3.754351854324341
2024-07-16,3.7634420689953885,3.754351854324341
2024-07-17,3.763442037940252,3.7907135486602783
2024-07-18,3.7998037023165874,3.8634369373321533
2024-07-19,3.8634371621934687,3.854346513748169
2024-07-22,3.854347059346463,3.8088951110839844
2024-07-23,3.8088946043554963,3.8179848194122314
2024-07-24,3.817984835902236,3.7998039722442627
2024-07-25,3.7907135179745,3.827075242996216
2024-07-26,3.8179845950078097,3.827075242996216
2024-07-29,3.82707543534422,3.854346513748169
2024-07-30,3.8543465632181824,3.7998039722442627
2024-07-31,3.799803732496952,3.827075242996216
2024-08-01,3.8270754621405003,3.872527837753296
2024-08-02,3.845256309499871,3.8907086849212646
2024-08-05,3.86343703117268,3.754351854324341
2024-08-06,3.7452613650944335,3.8179848194122314
2024-08-07,3.81798478689892,3.854346513748169
2024-08-08,3.85434653008187,3.8361656665802
2024-08-09,3.854346513748169,3.854346513748169
2024-08-12,3.8543465407353943,3.872527837753296
2024-08-13,3.872527837753296,3.872527837753296
2024-08-14,3.872527827049518,3.8361656665802
2024-08-15,3.8361658832825434,3.8816182613372803
2024-08-16,3.8816182440574902,3.899799108505249
2024-08-19,3.899799375473047,4.127060413360596
2024-08-20,4.127060085604126,4.245235919952393
2024-08-21,4.227055090012522,4.208874225616455
2024-08-22,4.181602746820618,4.172512531280518
2024-08-23,4.163421452884321,4.117969512939453
2024-08-26,4.117970007463106,4.099789142608643
2024-08-27,4.0997892065945605,4.254326343536377
2024-08-28,4.263416929865148,4.363411903381348
2024-08-29,4.3452305994637666,4.2725067138671875
2024-08-30,4.272506663340324,4.381592273712158
2024-09-02,4.38159303308442,4.317959785461426
2024-09-03,4.317959524474163,4.363411903381348
2024-09-04,4.317959559803191,4.32705020904541
2024-09-05,4.354321517398555,4.317959785461426
2024-09-06,4.345231301147291,4.317959785461426
2024-09-09,4.308868875306322,4.363411903381348
2024-09-10,4.3726952816459725,4.46553373336792
2024-09-11,4.456249838470328,4.363410949707031
2024-09-12,4.363411288161004,4.316992282867432
2024-09-13,4.316991948014013,4.363410949707031
2024-09-17,4.35412732644388,4.363410949707031
2024-09-18,4.3634113791488955,4.372695446014404
2024-09-19,4.381978720067813,4.354127407073975
2024-09-20,4.363410949707031,4.363410949707031
2024-09-23,4.35412732644388,4.363410949707031
2024-09-24,4.3634115562368265,4.344843864440918
2024-09-25,4.344843727445974,4.29842472076416
2024-09-26,4.289140398364831,4.335559844970703
2024-09-27,4.326275814278632,4.261289119720459
2024-09-30,4.2427216050043555,4.233437538146973
2024-10-01,4.224153612718113,4.2798566818237305
2024-10-02,4.233437270004206,4.205585956573486
2024-10-03,4.2055861759797715,4.2427215576171875
2024-10-04,4.252004959854234,4.205585956573486
2024-10-07,4.2427216050043555,4.233437538146973
2024-10-08,4.2427215576171875,4.2427215576171875
2024-10-09,4.2427215576171875,4.2427215576171875
2024-10-10,4.2427215576171875,4.2427215576171875
2024-10-11,4.149882877221047,4.001341342926025
2024-10-14,4.019908993388264,4.0756120681762695
2024-10-15,4.1034632688471335,4.15916633605957
2024-10-16,4.159166463596472,4.140598773956299
2024-10-17,4.159166901261602,4.214869976043701
2024-10-18,4.2427215576171875,4.2427215576171875
2024-10-21,4.2427215576171875,4.2427215576171875
2024-10-22,4.242721686898405,4.224153995513916
2024-10-23,4.23343761986182,4.224153995513916
2024-10-24,4.205586481368281,4.19630241394043
2024-10-25,4.17773446116318,4.094179630279541
2024-10-28,4.103463394675954,4.140598773956299
2024-10-29,4.149882397432065,4.140598773956299
2024-10-30,4.149882173160089,4.103463172912598
2024-11-01,4.08489570503578,4.140598773956299
2024-11-04,4.131314484523369,4.103463172912598
2024-11-05,4.084896351695031,4.112747669219971
2024-11-06,4.112747283021864,4.168450355529785
2024-11-07,4.168450308342774,4.177734375
2024-11-08,4.177734422292106,4.168450355529785
2024-11-11,4.159166770154446,4.094179630279541
2024-11-12,4.103463521638364,4.122031211853027
2024-11-13,4.112747410602597,4.149882793426514
2024-11-14,4.159166860476834,4.149882793426514
2024-11-15,4.149882793426514,4.149882793426514
2024-11-18,4.131314927091201,4.177734375
2024-11-19,4.168450216045358,4.122031211853027
2024-11-20,4.131315012297009,4.094179630279541
2024-11-21,4.103463300021198,4.084895610809326
2024-11-22,4.094179362050145,4.066328048706055
2024-11-25,4.0663280613552875,4.131314754486084
2024-11-26,4.140599429433621,4.112747669219971
2024-11-27,4.112747145401369,4.122031211853027
2024-11-28,4.122031388136978,4.094179630279541
2024-11-29,4.103463786240959,4.149882793426514
2024-12-02,4.140599169064876,4.149882793426514
2024-12-03,4.149882570948492,4.187018394470215
2024-12-04,4.177734200454122,4.205585956573486
2024-12-05,4.2055861759797715,4.2427215576171875
2024-12-06,4.224153785899908,4.252005100250244
2024-12-09,4.242721734779094,4.214869976043701
2024-12-10,4.205586481368281,4.19630241394043
2024-12-11,4.187018233314368,4.2798566818237305
2024-12-12,4.279856939254604,4.2427215576171875
2024-12-13,4.2427215576171875,4.2427215576171875
2024-12-16,4.242721734779094,4.214869976043701
2024-12-17,4.205586481368281,4.19630241394043
2024-12-18,4.19630211312808,4.168450355529785
2024-12-19,4.140599040620159,4.168450355529785
2024-12-20,4.168450087072238,4.140598773956299
2024-12-23,4.149882962178578,4.19630241394043
2024-12-24,4.19630223709284,4.224153995513916
2024-12-26,4.196302284449668,4.214869976043701
2024-12-27,4.214869800044791,4.2427215576171875
2024-12-30,4.224154043185061,4.214869976043701
2024-12-31,4.205586222952172,4.233437538146973
2025-01-02,4.224154043185061,4.214869976043701
2025-01-03,4.214869756251574,4.177734375
2025-01-06,4.187018394470215,4.187018394470215
2025-01-07,4.177734327917619,4.187018394470215
2025-01-08,4.177734200455492,4.131314754486084
2025-01-09,4.14059890206769,4.122031211853027
2025-01-10,4.122031211853027,4.122031211853027
2025-01-13,4.11274706463605,4.131314754486084
2025-01-14,4.131314612494689,4.084895610809326
2025-01-15,4.094179234070947,4.084895610809326
2025-01-16,4.122031518510618,4.0756120681762695
2025-01-17,4.075611764972043,4.122031211853027
2025-01-20,4.122031560885076,4.001341342926025
2025-01-21,4.010625025564348,4.05704402923584
2025-01-22,4.057043855647205,4.084895610809326
2025-01-23,4.075611448247361,4.0291924476623535
2025-01-24,4.019908905029297,4.019908905029297
2025-01-27,4.029192669121504,4.066328048706055
2025-01-28,4.066328095583327,4.05704402923584
2025-01-31,4.029193101950687,4.001341342926025
2025-02-03,3.9734899792647767,4.01062536239624
2025-02-04,4.010624853961842,4.084895610809326
2025-02-05,4.084895831423702,4.122031211853027
2025-02-06,4.122031130905389,4.131314754486084
2025-02-07,4.131314754486084,4.131314754486084
2025-02-10,4.131314754486084,4.131314754486084
2025-02-12,4.159166684374213,4.177734375
2025-02-13,4.168450134186152,4.131314754486084
2025-02-14,4.140599040620159,4.168450355529785
2025-02-17,4.140599169064876,4.149882793426514
2025-02-18,4.149882617716988,4.177734375
2025-02-19,4.177734592855635,4.214869976043701
2025-02-20,4.19630211312808,4.168450355529785
2025-02-21,4.159166684374213,4.177734375
2025-02-24,4.149882793426514,4.149882793426514
2025-02-25,4.140598773956299,4.140598773956299
2025-02-26,4.149882787287274,4.224153995513916
2025-02-27,4.214869803964054,4.168450355529785
2025-02-28,4.149882444334757,4.205585956573486
2025-03-03,4.205586222952172,4.233437538146973
2025-03-04,4.224153646423514,4.205585956573486
2025-03-05,4.214869888972747,4.29842472076416
2025-03-06,4.298424500236173,4.261289119720459
2025-03-07,4.261289378282895,4.224153995513916
2025-03-10,4.224153995513916,4.224153995513916
2025-03-11,4.19630241394043,4.19630241394043
2025-03-12,4.186786833747885,4.120178699493408
2025-03-13,4.129694082794807,4.262909889221191
2025-03-14,4.234363418121584,4.262909889221191
2025-03-17,4.272425253295982,4.320002555847168
2025-03-19,4.281940895298533,4.320002555847168
2025-03-20,4.329518019299766,4.262909889221191
2025-03-21,4.253394344788852,4.272425174713135
2025-03-24,4.27242507710055,4.262909889221191
2025-03-25,4.262909929757154,4.22484827041626
2025-03-26,4.224848583970372,4.253394603729248
2025-03-27,4.253394344788852,4.272425174713135
2025-03-28,4.26290970864524,4.205817222595215
2025-04-02,4.224848671679637,4.177271366119385
2025-04-03,4.158240179963888,4.186786651611328
2025-04-04,4.15824031829834,4.15824031829834
2025-04-07,4.082116682337038,4.005993366241455
2025-04-08,4.034539481221016,4.015508651733398
2025-04-09,3.9964778457589936,3.89180850982666
2025-04-10,4.0155085149221765,4.044054985046387
2025-04-11,3.996478038519461,4.034539699554443
2025-04-14,4.091632939431087,4.1011481285095215
2025-04-15,4.110663771318778,4.1011481285095215
2025-04-16,4.09163236618042,4.09163236618042
2025-04-17,4.0916326803349135,4.120178699493408
2025-04-18,4.120178871685569,4.177271366119385
2025-04-21,4.205817481466029,4.186786651611328
2025-04-22,4.16775596040764,4.15824031829834
2025-04-23,4.186786651611328,4.186786651611328
2025-04-24,4.16775596040764,4.15824031829834
2025-04-25,4.1677558628487335,4.1487250328063965
2025-04-28,4.158240235473209,4.234363555908203
2025-04-29,4.234363816202928,4.215332984924316
2025-04-30,4.2153329415635445,4.253394603729248
2025-05-02,4.234363816202928,4.215332984924316
2025-05-05,4.2153329415635445,4.253394603729248
2025-05-06,4.253394603729248,4.253394603729248
2025-05-07,4.253394603729248,4.253394603729248
2025-05-08,4.253394386016952,4.234363555908203
2025-05-09,4.2438791000867075,4.22484827041626
2025-05-13,4.215332803567384,4.281940937042236
2025-05-14,4.281940798722203,4.310487270355225
2025-05-15,4.31048753036437,4.291456699371338
2025-05-16,4.291456579137553,4.281940937042236
2025-05-19,4.262909986616381,4.272425174713135
2025-05-20,4.272425510865447,4.300971984863281
2025-05-21,4.281941121264861,4.215332984924316
2025-05-22,4.196301700032807,4.09163236618042
2025-05-23,4.177271009818591,4.186786651611328
2025-05-26,4.177271106806711,4.1963019371032715
2025-05-27,4.196301620214042,4.167755603790283
2025-05-28,4.167756003065291,4.120178699493408
2025-05-29,4.120178960397213,4.1011481285095215
2025-05-30,4.1011481285095215,4.1011481285095215
2025-06-03,4.11066345605279,4.072601795196533
2025-06-04,4.072601892113371,4.082117080688477
2025-06-05,4.1011478139733315,4.072601795196533
2025-06-06,4.0726015767829935,4.053570747375488
2025-06-09,4.053570747375488,4.053570747375488
2025-06-10,4.053570747375488,4.053570747375488
2025-06-11,4.053571275655704,4.1011481285095215
2025-06-12,4.1106635538753915,4.082117080688477
2025-06-13,4.082116642724834,4.044054985046387
2025-06-16,4.044055244120896,4.0250244140625
2025-06-17,4.0250242933425895,4.015508651733398
2025-06-18,4.015508869036952,4.034539699554443
2025-06-19,4.015509053901178,3.9869630336761475
2025-06-20,3.9869625372175594,4.005993366241455
2025-06-23,3.9774468246643693,4.205817222595215
2025-06-24,4.148725435094161,4.1011481285095215
2025-06-25,4.09163236618042,4.09163236618042
2025-06-26,4.091632326907853,4.129693984985352
2025-06-30,4.1392097922849045,4.1011481285095215
2025-07-01,4.110663235598004,4.053570747375488
2025-07-02,4.034539639336896,4.110663414001465
2025-07-03,4.09163236618042,4.09163236618042
2025-07-04,4.091632288352593,4.167755603790283
2025-07-07,4.139209530176003,4.120178699493408
2025-07-08,4.091632326907853,4.129693984985352
2025-07-09,4.110663235598004,4.053570747375488
2025-07-10,4.053570707737595,4.09163236618042
2025-07-11,4.10114777201935,4.110663414001465
2025-07-14,4.101147514561851,4.129693984985352
2025-07-15,4.120178423436375,4.053570747375488
2025-07-16,4.053570886015485,4.0250244140625
2025-07-17,4.0345393437614,4.044054985046387
2025-07-18,4.053571275655704,4.1011481285095215
2025-07-21,4.101147553925746,4.09163236618042
2025-07-22,4.072602107543395,4.1011481285095215
2025-07-23,4.082117080688477,4.082117080688477
2025-07-24,4.08211729662183,4.1011481285095215
2025-07-25,4.091632722994381,4.082117080688477
2025-07-28,4.082116642724834,4.044054985046387
2025-07-29,4.044055024289246,4.005993366241455
2025-07-30,4.005993757164436,4.082117080688477
2025-07-31,4.034539382911921,4.005993366241455
2025-08-01,4.015508945739541,4.082117080688477
2025-08-04,4.063086172196075,4.034539699554443
2025-08-05,4.044055341678584,4.034539699554443
2025-08-06,4.04405506626151,4.09163236618042
2025-08-07,4.082117080688477,4.082117080688477
2025-08-08,4.08211703812822,4.120178699493408
2025-08-11,4.110663332192521,4.186786651611328
2025-08-12,4.167755821756626,4.186786651611328
2025-08-13,4.1772709693747565,4.22484827041626
2025-08-14,4.224848367719219,4.234363555908203
2025-08-15,4.234363555908203,4.234363555908203
2025-08-18,4.234363200279566,4.2438788414001465
2025-08-19,4.2438788414001465,4.2438788414001465
2025-08-20,4.2438788414001465,4.2438788414001465
2025-08-21,4.243879197827968,4.234363555908203
2025-08-22,4.234363772646396,4.253394603729248
2025-08-25,4.262910226016389,4.291456699371338
2025-08-26,4.281940537328581,4.205817222595215
2025-08-27,4.215332852906379,4.120178699493408
2025-08-28,4.129694286480918,4.072601795196533
2025-08-29,4.08211686273233,4.063086032867432
2025-09-02,4.053570707737595,4.09163236618042
2025-09-03,4.0821167646213645,4.053570747375488
2025-09-04,4.063086032867432,4.063086032867432
2025-09-08,4.082116983545204,4.072601795196533
2025-09-09,4.091632722994381,4.082117080688477
2025-09-10,4.09163236618042,4.09163236618042
2025-09-11,4.1062625602564875,4.116015911102295
2025-09-12,4.125769855926859,4.14527702331543
2025-09-17,4.174537899944912,4.194045066833496
2025-09-18,4.174538006942064,4.14527702331543
2025-09-19,4.1452771357469995,4.135523319244385
2025-09-22,4.145277262941299,4.1647844314575195
2025-09-23,4.1745381355285645,4.1745381355285645
2025-09-24,4.164784083956848,4.194045066833496
2025-09-25,4.1745381355285645,4.1745381355285645
2025-09-26,4.17453790553638,4.233059406280518
2025-09-29,4.233059758626142,4.2428131103515625
2025-09-30,4.233059518469107,4.223305702209473
2025-10-01,4.223305829846933,4.252566814422607
2025-10-02,4.252566690473929,4.262320041656494
2025-10-03,4.262319924108814,4.233059406280518
2025-10-06,4.242812874203807,4.262320041656494
2025-10-07,4.242812997868191,4.252566814422607
2025-10-08,4.25256657319523,4.233059406280518
2025-10-09,4.233059513832083,4.184291362762451
2025-10-10,4.1842912508454315,4.194045066833496
2025-10-13,4.155030709748149,4.116015911102295
2025-10-14,4.1160160350078225,4.106262683868408
2025-10-15,4.106262796291378,4.096508979797363
2025-10-16,4.1062625602564875,4.116015911102295
2025-10-17,4.116016147697824,4.096508979797363
2025-10-21,4.116016277623177,4.1647844314575195
2025-10-22,4.164784185967565,4.106262683868408
2025-10-23,4.106262683868408,4.106262683868408
2025-10-24,4.1062625602564875,4.116015911102295
2025-10-27,4.135523077881451,4.116015911102295
2025-10-28,4.1160160350078225,4.106262683868408
2025-10-29,4.106262921056646,4.086755752563477
2025-10-30,4.086755393477332,4.116015911102295
2025-10-31,4.116015911102295,4.116015911102295
2025-11-03,4.1160161513267255,4.135523319244385
2025-11-04,4.135523095436966,4.155030727386475
2025-11-05,4.155030738621668,4.233059406280518
2025-11-06,4.194045061110405,4.155030727386475
2025-11-07,4.1550310797432015,4.1647844314575195
2025-11-10,4.1647844314575195,4.1647844314575195
2025-11-11,4.174537899944912,4.194045066833496
2025-11-12,4.1940454167756425,4.1647844314575195
2025-11-13,4.164784083956848,4.194045066833496
2025-11-14,4.184291362762451,4.184291362762451
2025-11-17,4.1842912508454315,4.194045066833496
2025-11-18,4.194045174330634,4.14527702331543
2025-11-19,4.135523334462111,4.1745381355285645
2025-11-20,4.174537899944912,4.194045066833496
2025-11-21,4.184291486979499,4.1745381355285645
2025-11-24,4.174537899944912,4.194045066833496
2025-11-25,4.194045066833496,4.194045066833496
2025-11-26,4.194045077966084,4.272073745727539
2025-11-27,4.2720740957029895,4.2428131103515625
2025-11-28,4.233059758626142,4.2428131103515625
2025-12-01,4.242812997868191,4.252566814422607
2025-12-02,4.2525666949640835,4.301334381103516
2025-12-03,4.301334508694969,4.33059549331665
2025-12-04,4.320841786897027,4.281827449798584
2025-12-05,4.281827449798584,4.281827449798584
2025-12-08,4.281827209109182,4.262320041656494
2025-12-09,4.291581025379305,4.262320041656494
2025-12-10,4.262320041656494,4.262320041656494
2025-12-11,4.262319935216912,4.3110880851745605
2025-12-12,4.301334622981914,4.359856128692627
2025-12-15,4.340348724970803,4.379363059997559
2025-12-16,4.379363297262865,4.359856128692627
2025-12-17,4.3501025323305065,4.301334381103516
2025-12-18,4.2915810299106525,4.301334381103516
2025-12-19,4.3110883318031155,4.408624172210693
2025-12-22,4.389116892360806,4.418377876281738
2025-12-23,4.408624172210693,4.408624172210693
2025-12-24,4.408624172210693,4.408624172210693
2025-12-26,4.408624172210693,4.408624172210693
2025-12-29,4.408624296749299,4.398870944976807
2025-12-30,4.389116769438729,4.428131103515625
2025-12-31,4.408623936477177,4.428131103515625
2026-01-02,4.418377860111874,4.379363059997559
2026-01-05,4.369609839274038,4.447638511657715
2026-01-06,4.447638508373725,4.408624172210693
2026-01-07,4.418377876281738,4.418377876281738
2026-01-08,4.418377860111874,4.379363059997559
2026-01-09,4.37936295864033,4.4671454429626465
2026-01-12,4.4573924552192645,4.47689962387085
2026-01-13,4.486652854303796,4.525667190551758
2026-01-14,4.525667317216177,4.554928302764893
2026-01-15,4.554928306908168,4.6329569816589355
2026-01-16,4.6232029248106645,4.613449573516846
2026-01-19,4.613449573516846,4.613449573516846
2026-01-20,4.681725007137742,4.603695869445801
2026-01-21,4.584188466447249,4.623202800750732
2026-01-22,4.642710449812488,4.662217617034912
2026-01-23,4.652463800879924,4.662217617034912
2026-01-26,4.662217973334325,4.75
2026-01-27,4.749999896008376,4.876796722412109
2026-01-28,4.867043016353129,4.828028678894043
2026-01-29,4.828028430487313,4.73049259185791
2026-01-30,4.7402466481871866,4.75
2026-02-03,4.798768158343522,4.828028678894043
2026-02-04,4.798768156351539,4.7890143394470215
2026-02-05,4.789013986474037,4.779260635375977
2026-02-06,4.769506939102523,4.847535610198975
2026-02-09,4.867042911372849,4.954825401306152
2026-02-10,4.95482505372781,4.984086036682129
2026-02-11,4.9743323372629105,5.0133466720581055
2026-02-12,5.023100612704939,5.003593444824219
2026-02-13,4.993839735049343,4.915811061859131
2026-02-16,4.915810949460628,4.925564765930176
2026-02-19,4.925564642027428,4.9353179931640625
2026-02-20,4.935317875588462,4.906057357788086
2026-02-23,4.91581106468859,4.954825401306152
2026-02-24,4.954825288900294,4.964579105377197
2026-02-25,4.964579325088434,4.828028678894043
2026-02-26,4.828028569152957,4.876796722412109
2026-02-27,4.847535606268546,4.808521270751953
2026-03-02,4.7207392405387525,4.73049259185791
2026-03-03,4.73049259582049,4.769506931304932
2026-03-04,4.759753701101282,4.720739364624023
2026-03-05,4.749999651906687,4.779260635375977
2026-03-06,4.7597538169004014,4.75
2026-03-09,4.681724767293508,4.623202800750732
2026-03-10,4.662217973334325,4.75
2026-03-11,4.78000020980835,4.75
2026-03-12,4.739999771118164,4.809999942779541
2026-03-13,4.78000020980835,4.789999961853027
2026-03-16,4.78000020980835,4.800000190734863
2026-03-17,4.820000171661377,4.860000133514404
2026-03-18,4.869999885559082,4.929999828338623
2026-03-19,4.889999866485596,4.869999885559082
2026-03-20,4.869999885559082,4.869999885559082
2026-03-24,4.909999847412109,4.860000133514404
2026-03-25,4.900000095367432,4.929999828338623
2026-03-26,4.909999847412109,4.820000171661377
2026-03-27,4.820000171661377,4.800000190734863
2026-03-30,4.75,4.659999847412109
2026-03-31,4.670000076293945,4.679999828338623
2026-04-01,4.75,4.769999980926514
2026-04-02,4.769999980926514,4.710000038146973
2026-04-03,4.75,4.659999847412109
